<?xml version="1.0" encoding="UTF-8"?>
<project-private xmlns="http://www.netbeans.org/ns/project-private/1">
    <editor-bookmarks xmlns="http://www.netbeans.org/ns/editor-bookmarks/2" lastBookmarkId="0"/>
    <open-files xmlns="http://www.netbeans.org/ns/projectui-open-files/2">
        <group>
            <file>file:/C:/Users/shaun/Desktop/College%20Assignments/ExpenseManager/src/Frames/add-reminder.png</file>
            <file>file:/C:/Users/shaun/Desktop/College%20Assignments/ExpenseManager/src/Frames/PieChart_AWT.java</file>
            <file>file:/C:/Users/shaun/Desktop/College%20Assignments/ExpenseManager/src/Frames/AddReminder.java</file>
            <file>file:/C:/Users/shaun/Desktop/College%20Assignments/ExpenseManager/src/Frames/Home.java</file>
            <file>file:/C:/Users/shaun/Desktop/College%20Assignments/ExpenseManager/src/Frames/UpdateProfile.java</file>
            <file>file:/C:/Users/shaun/Desktop/College%20Assignments/ExpenseManager/src/Frames/ViewReminder.java</file>
            <file>file:/C:/Users/shaun/Desktop/College%20Assignments/ExpenseManager/src/Frames/ViewIncomeSummary.java</file>
            <file>file:/C:/Users/shaun/Desktop/College%20Assignments/ExpenseManager/src/Frames/AddBudget.java</file>
            <file>file:/C:/Users/shaun/Desktop/College%20Assignments/ExpenseManager/src/Frames/AddIncome.java</file>
            <file>file:/C:/Users/shaun/Desktop/College%20Assignments/ExpenseManager/src/Frames/AddExpense.java</file>
            <file>file:/C:/Users/shaun/Desktop/College%20Assignments/ExpenseManager/src/Frames/ViewSummaryByDate.java</file>
            <file>file:/C:/Users/shaun/Desktop/College%20Assignments/ExpenseManager/src/Frames/ViewCharts.java</file>
            <file>file:/C:/Users/shaun/Desktop/College%20Assignments/ExpenseManager/src/Frames/Time-Expense-Tracking.png</file>
            <file>file:/C:/Users/shaun/Desktop/College%20Assignments/ExpenseManager/src/Frames/ViewExpenseSummary.java</file>
            <file>file:/C:/Users/shaun/Desktop/College%20Assignments/ExpenseManager/src/Frames/ExpenseManager.java</file>
            <file>file:/C:/Users/shaun/Desktop/College%20Assignments/ExpenseManager/src/Frames/SignUp.java</file>
            <file>file:/C:/Users/shaun/Desktop/College%20Assignments/ExpenseManager/src/Frames/CreateChart.java</file>
        </group>
    </open-files>
</project-private>
